{"cameraMode":{"drawMode":0,"name":"Shaded","section":"Shading Mode"},"sceneLighting":true,"audioPlay":false,"sceneViewState":{"showFog":true,"showMaterialUpdate":false,"showSkybox":true,"showFlares":true,"showImageEffects":true,"showParticleSystems":true},"in2DMode":false,"pivot":{"x":2.487823009490967,"y":3.3936710357666017,"z":155.66192626953126},"rotation":{"x":0.14223454892635346,"y":0.23619845509529115,"z":-0.034975312650203708,"w":0.9606068730354309},"size":15.69863224029541,"orthographic":false}