{"cameraMode":{"drawMode":0,"name":"Shaded","section":"Shading Mode"},"sceneLighting":false,"audioPlay":false,"sceneViewState":{"showFog":false,"showMaterialUpdate":false,"showSkybox":false,"showFlares":false,"showImageEffects":false,"showParticleSystems":false},"in2DMode":false,"pivot":{"x":-1.2371797561645508,"y":0.6171875,"z":17.81586456298828},"rotation":{"x":0.21465885639190675,"y":-0.021973377093672754,"z":0.004830674733966589,"w":0.976431131362915},"size":45.743709564208987,"orthographic":false}