{"cameraMode":{"drawMode":0,"name":"Shaded","section":"Shading Mode"},"sceneLighting":true,"audioPlay":false,"sceneViewState":{"showFog":true,"showMaterialUpdate":false,"showSkybox":true,"showFlares":true,"showImageEffects":true,"showParticleSystems":true},"in2DMode":false,"pivot":{"x":-1.8080188035964966,"y":14.214639663696289,"z":9.891225814819336},"rotation":{"x":-0.2996322214603424,"y":0.00390898110345006,"z":-0.0012276560300961137,"w":-0.9540462493896484},"size":14.200002670288086,"orthographic":false}